Workbook

Sheet Patients
A1: citizen_id | B1: first_name | C1: last_name | D1: phone | E1: email | F1: password
A2: =RANDBETWEEN(1000000000000, 9999999999999) -> 7142358264278 | B2: =PROPER(MID("BCDFGHJKLMNPQRSTVWXZ",RANDBETWEEN(1,20),1)&MID("AEIOUY",RANDBETWEEN(1,6),1)&IF(RAND()<0.8,MID("BCDFGHJKLMNPQRSTVWXZ",RANDBETWEEN(1,20),1)&MID("AEIOUY",RANDBETWEEN(1,6),1),"")&IF(RAND()<0.8,MID("BCDFGHJKLMNPQRSTVWXZ",RANDBETWEEN(1,20),1)&MID("AEIOUY",RANDBETWEEN(1,6),1),"")) -> Cewula | C2: =PROPER(MID("BCDFGHJKLMNPQRSTVWXZ",RANDBETWEEN(1,20),1)&MID("AEIOUY",RANDBETWEEN(1,6),1)&IF(RAND()<0.8,MID("BCDFGHJKLMNPQRSTVWXZ",RANDBETWEEN(1,20),1)&MID("AEIOUY",RANDBETWEEN(1,6),1),"")&IF(RAND()<0.8,MID("BCDFGHJKLMNPQRSTVWXZ",RANDBETWEEN(1,20),1)&MID("AEIOUY",RANDBETWEEN(1,6),1),"")) -> Penury | D2: ="555-" & TEXT(RANDBETWEEN(1000, 9999), "0000") -> 555-8878 | E2: =LOWER(B2) & "." & LOWER(C2) & "@example.com" -> cewula.penury@example.com | F2: 123456
A3: =RANDBETWEEN(1000000000000, 9999999999999) -> 2841722023967 | B3: =PROPER(MID("BCDFGHJKLMNPQRSTVWXZ",RANDBETWEEN(1,20),1)&MID("AEIOUY",RANDBETWEEN(1,6),1)&IF(RAND()<0.8,MID("BCDFGHJKLMNPQRSTVWXZ",RANDBETWEEN(1,20),1)&MID("AEIOUY",RANDBETWEEN(1,6),1),"")&IF(RAND()<0.8,MID("BCDFGHJKLMNPQRSTVWXZ",RANDBETWEEN(1,20),1)&MID("AEIOUY",RANDBETWEEN(1,6),1),"")) -> Pawyba | C3: =PROPER(MID("BCDFGHJKLMNPQRSTVWXZ",RANDBETWEEN(1,20),1)&MID("AEIOUY",RANDBETWEEN(1,6),1)&IF(RAND()<0.8,MID("BCDFGHJKLMNPQRSTVWXZ",RANDBETWEEN(1,20),1)&MID("AEIOUY",RANDBETWEEN(1,6),1),"")&IF(RAND()<0.8,MID("BCDFGHJKLMNPQRSTVWXZ",RANDBETWEEN(1,20),1)&MID("AEIOUY",RANDBETWEEN(1,6),1),"")) -> Paqyki | D3: ="555-" & TEXT(RANDBETWEEN(1000, 9999), "0000") -> 555-8040 | E3: =LOWER(B3) & "." & LOWER(C3) & "@example.com" -> pawyba.paqyki@example.com | F3: 123456
A4: =RANDBETWEEN(1000000000000, 9999999999999) -> 7010992417823 | B4: =PROPER(MID("BCDFGHJKLMNPQRSTVWXZ",RANDBETWEEN(1,20),1)&MID("AEIOUY",RANDBETWEEN(1,6),1)&IF(RAND()<0.8,MID("BCDFGHJKLMNPQRSTVWXZ",RANDBETWEEN(1,20),1)&MID("AEIOUY",RANDBETWEEN(1,6),1),"")&IF(RAND()<0.8,MID("BCDFGHJKLMNPQRSTVWXZ",RANDBETWEEN(1,20),1)&MID("AEIOUY",RANDBETWEEN(1,6),1),"")) -> Bujuxi | C4: =PROPER(MID("BCDFGHJKLMNPQRSTVWXZ",RANDBETWEEN(1,20),1)&MID("AEIOUY",RANDBETWEEN(1,6),1)&IF(RAND()<0.8,MID("BCDFGHJKLMNPQRSTVWXZ",RANDBETWEEN(1,20),1)&MID("AEIOUY",RANDBETWEEN(1,6),1),"")&IF(RAND()<0.8,MID("BCDFGHJKLMNPQRSTVWXZ",RANDBETWEEN(1,20),1)&MID("AEIOUY",RANDBETWEEN(1,6),1),"")) -> Gurale | D4: ="555-" & TEXT(RANDBETWEEN(1000, 9999), "0000") -> 555-8046 | E4: =LOWER(B4) & "." & LOWER(C4) & "@example.com" -> bujuxi.gurale@example.com | F4: 123456
A5: =RANDBETWEEN(1000000000000, 9999999999999) -> 9812690688043 | B5: =PROPER(MID("BCDFGHJKLMNPQRSTVWXZ",RANDBETWEEN(1,20),1)&MID("AEIOUY",RANDBETWEEN(1,6),1)&IF(RAND()<0.8,MID("BCDFGHJKLMNPQRSTVWXZ",RANDBETWEEN(1,20),1)&MID("AEIOUY",RANDBETWEEN(1,6),1),"")&IF(RAND()<0.8,MID("BCDFGHJKLMNPQRSTVWXZ",RANDBETWEEN(1,20),1)&MID("AEIOUY",RANDBETWEEN(1,6),1),"")) -> Nyvuqa | C5: =PROPER(MID("BCDFGHJKLMNPQRSTVWXZ",RANDBETWEEN(1,20),1)&MID("AEIOUY",RANDBETWEEN(1,6),1)&IF(RAND()<0.8,MID("BCDFGHJKLMNPQRSTVWXZ",RANDBETWEEN(1,20),1)&MID("AEIOUY",RANDBETWEEN(1,6),1),"")&IF(RAND()<0.8,MID("BCDFGHJKLMNPQRSTVWXZ",RANDBETWEEN(1,20),1)&MID("AEIOUY",RANDBETWEEN(1,6),1),"")) -> Sudi | D5: ="555-" & TEXT(RANDBETWEEN(1000, 9999), "0000") -> 555-3291 | E5: =LOWER(B5) & "." & LOWER(C5) & "@example.com" -> nyvuqa.sudi@example.com | F5: 123456
A6: =RANDBETWEEN(1000000000000, 9999999999999) -> 9804282268388 | B6: =PROPER(MID("BCDFGHJKLMNPQRSTVWXZ",RANDBETWEEN(1,20),1)&MID("AEIOUY",RANDBETWEEN(1,6),1)&IF(RAND()<0.8,MID("BCDFGHJKLMNPQRSTVWXZ",RANDBETWEEN(1,20),1)&MID("AEIOUY",RANDBETWEEN(1,6),1),"")&IF(RAND()<0.8,MID("BCDFGHJKLMNPQRSTVWXZ",RANDBETWEEN(1,20),1)&MID("AEIOUY",RANDBETWEEN(1,6),1),"")) -> Ta | C6: =PROPER(MID("BCDFGHJKLMNPQRSTVWXZ",RANDBETWEEN(1,20),1)&MID("AEIOUY",RANDBETWEEN(1,6),1)&IF(RAND()<0.8,MID("BCDFGHJKLMNPQRSTVWXZ",RANDBETWEEN(1,20),1)&MID("AEIOUY",RANDBETWEEN(1,6),1),"")&IF(RAND()<0.8,MID("BCDFGHJKLMNPQRSTVWXZ",RANDBETWEEN(1,20),1)&MID("AEIOUY",RANDBETWEEN(1,6),1),"")) -> Xujuke | D6: ="555-" & TEXT(RANDBETWEEN(1000, 9999), "0000") -> 555-8891 | E6: =LOWER(B6) & "." & LOWER(C6) & "@example.com" -> ta.xujuke@example.com | F6: 123456
A7: =RANDBETWEEN(1000000000000, 9999999999999) -> 8457903513837 | B7: =PROPER(MID("BCDFGHJKLMNPQRSTVWXZ",RANDBETWEEN(1,20),1)&MID("AEIOUY",RANDBETWEEN(1,6),1)&IF(RAND()<0.8,MID("BCDFGHJKLMNPQRSTVWXZ",RANDBETWEEN(1,20),1)&MID("AEIOUY",RANDBETWEEN(1,6),1),"")&IF(RAND()<0.8,MID("BCDFGHJKLMNPQRSTVWXZ",RANDBETWEEN(1,20),1)&MID("AEIOUY",RANDBETWEEN(1,6),1),"")) -> Sycu | C7: =PROPER(MID("BCDFGHJKLMNPQRSTVWXZ",RANDBETWEEN(1,20),1)&MID("AEIOUY",RANDBETWEEN(1,6),1)&IF(RAND()<0.8,MID("BCDFGHJKLMNPQRSTVWXZ",RANDBETWEEN(1,20),1)&MID("AEIOUY",RANDBETWEEN(1,6),1),"")&IF(RAND()<0.8,MID("BCDFGHJKLMNPQRSTVWXZ",RANDBETWEEN(1,20),1)&MID("AEIOUY",RANDBETWEEN(1,6),1),"")) -> Foqugi | D7: ="555-" & TEXT(RANDBETWEEN(1000, 9999), "0000") -> 555-9942 | E7: =LOWER(B7) & "." & LOWER(C7) & "@example.com" -> sycu.foqugi@example.com | F7: 123456
A8: =RANDBETWEEN(1000000000000, 9999999999999) -> 7334698760061 | B8: =PROPER(MID("BCDFGHJKLMNPQRSTVWXZ",RANDBETWEEN(1,20),1)&MID("AEIOUY",RANDBETWEEN(1,6),1)&IF(RAND()<0.8,MID("BCDFGHJKLMNPQRSTVWXZ",RANDBETWEEN(1,20),1)&MID("AEIOUY",RANDBETWEEN(1,6),1),"")&IF(RAND()<0.8,MID("BCDFGHJKLMNPQRSTVWXZ",RANDBETWEEN(1,20),1)&MID("AEIOUY",RANDBETWEEN(1,6),1),"")) -> Deto | C8: =PROPER(MID("BCDFGHJKLMNPQRSTVWXZ",RANDBETWEEN(1,20),1)&MID("AEIOUY",RANDBETWEEN(1,6),1)&IF(RAND()<0.8,MID("BCDFGHJKLMNPQRSTVWXZ",RANDBETWEEN(1,20),1)&MID("AEIOUY",RANDBETWEEN(1,6),1),"")&IF(RAND()<0.8,MID("BCDFGHJKLMNPQRSTVWXZ",RANDBETWEEN(1,20),1)&MID("AEIOUY",RANDBETWEEN(1,6),1),"")) -> Huha | D8: ="555-" & TEXT(RANDBETWEEN(1000, 9999), "0000") -> 555-3028 | E8: =LOWER(B8) & "." & LOWER(C8) & "@example.com" -> deto.huha@example.com | F8: 123456
A9: =RANDBETWEEN(1000000000000, 9999999999999) -> 2526012162907 | B9: =PROPER(MID("BCDFGHJKLMNPQRSTVWXZ",RANDBETWEEN(1,20),1)&MID("AEIOUY",RANDBETWEEN(1,6),1)&IF(RAND()<0.8,MID("BCDFGHJKLMNPQRSTVWXZ",RANDBETWEEN(1,20),1)&MID("AEIOUY",RANDBETWEEN(1,6),1),"")&IF(RAND()<0.8,MID("BCDFGHJKLMNPQRSTVWXZ",RANDBETWEEN(1,20),1)&MID("AEIOUY",RANDBETWEEN(1,6),1),"")) -> Zebeci | C9: =PROPER(MID("BCDFGHJKLMNPQRSTVWXZ",RANDBETWEEN(1,20),1)&MID("AEIOUY",RANDBETWEEN(1,6),1)&IF(RAND()<0.8,MID("BCDFGHJKLMNPQRSTVWXZ",RANDBETWEEN(1,20),1)&MID("AEIOUY",RANDBETWEEN(1,6),1),"")&IF(RAND()<0.8,MID("BCDFGHJKLMNPQRSTVWXZ",RANDBETWEEN(1,20),1)&MID("AEIOUY",RANDBETWEEN(1,6),1),"")) -> Rucy | D9: ="555-" & TEXT(RANDBETWEEN(1000, 9999), "0000") -> 555-4011 | E9: =LOWER(B9) & "." & LOWER(C9) & "@example.com" -> zebeci.rucy@example.com | F9: 123456
A10: =RANDBETWEEN(1000000000000, 9999999999999) -> 6254582443663 | B10: =PROPER(MID("BCDFGHJKLMNPQRSTVWXZ",RANDBETWEEN(1,20),1)&MID("AEIOUY",RANDBETWEEN(1,6),1)&IF(RAND()<0.8,MID("BCDFGHJKLMNPQRSTVWXZ",RANDBETWEEN(1,20),1)&MID("AEIOUY",RANDBETWEEN(1,6),1),"")&IF(RAND()<0.8,MID("BCDFGHJKLMNPQRSTVWXZ",RANDBETWEEN(1,20),1)&MID("AEIOUY",RANDBETWEEN(1,6),1),"")) -> Kyfi | C10: =PROPER(MID("BCDFGHJKLMNPQRSTVWXZ",RANDBETWEEN(1,20),1)&MID("AEIOUY",RANDBETWEEN(1,6),1)&IF(RAND()<0.8,MID("BCDFGHJKLMNPQRSTVWXZ",RANDBETWEEN(1,20),1)&MID("AEIOUY",RANDBETWEEN(1,6),1),"")&IF(RAND()<0.8,MID("BCDFGHJKLMNPQRSTVWXZ",RANDBETWEEN(1,20),1)&MID("AEIOUY",RANDBETWEEN(1,6),1),"")) -> Nefako | D10: ="555-" & TEXT(RANDBETWEEN(1000, 9999), "0000") -> 555-6297 | E10: =LOWER(B10) & "." & LOWER(C10) & "@example.com" -> kyfi.nefako@example.com | F10: 123456
A11: =RANDBETWEEN(1000000000000, 9999999999999) -> 6978514887808 | B11: =PROPER(MID("BCDFGHJKLMNPQRSTVWXZ",RANDBETWEEN(1,20),1)&MID("AEIOUY",RANDBETWEEN(1,6),1)&IF(RAND()<0.8,MID("BCDFGHJKLMNPQRSTVWXZ",RANDBETWEEN(1,20),1)&MID("AEIOUY",RANDBETWEEN(1,6),1),"")&IF(RAND()<0.8,MID("BCDFGHJKLMNPQRSTVWXZ",RANDBETWEEN(1,20),1)&MID("AEIOUY",RANDBETWEEN(1,6),1),"")) -> Mudi | C11: =PROPER(MID("BCDFGHJKLMNPQRSTVWXZ",RANDBETWEEN(1,20),1)&MID("AEIOUY",RANDBETWEEN(1,6),1)&IF(RAND()<0.8,MID("BCDFGHJKLMNPQRSTVWXZ",RANDBETWEEN(1,20),1)&MID("AEIOUY",RANDBETWEEN(1,6),1),"")&IF(RAND()<0.8,MID("BCDFGHJKLMNPQRSTVWXZ",RANDBETWEEN(1,20),1)&MID("AEIOUY",RANDBETWEEN(1,6),1),"")) -> Gora | D11: ="555-" & TEXT(RANDBETWEEN(1000, 9999), "0000") -> 555-4894 | E11: =LOWER(B11) & "." & LOWER(C11) & "@example.com" -> mudi.gora@example.com | F11: 123456
A12: =RANDBETWEEN(1000000000000, 9999999999999) -> 1104371513906 | B12: =PROPER(MID("BCDFGHJKLMNPQRSTVWXZ",RANDBETWEEN(1,20),1)&MID("AEIOUY",RANDBETWEEN(1,6),1)&IF(RAND()<0.8,MID("BCDFGHJKLMNPQRSTVWXZ",RANDBETWEEN(1,20),1)&MID("AEIOUY",RANDBETWEEN(1,6),1),"")&IF(RAND()<0.8,MID("BCDFGHJKLMNPQRSTVWXZ",RANDBETWEEN(1,20),1)&MID("AEIOUY",RANDBETWEEN(1,6),1),"")) -> Gynena | C12: =PROPER(MID("BCDFGHJKLMNPQRSTVWXZ",RANDBETWEEN(1,20),1)&MID("AEIOUY",RANDBETWEEN(1,6),1)&IF(RAND()<0.8,MID("BCDFGHJKLMNPQRSTVWXZ",RANDBETWEEN(1,20),1)&MID("AEIOUY",RANDBETWEEN(1,6),1),"")&IF(RAND()<0.8,MID("BCDFGHJKLMNPQRSTVWXZ",RANDBETWEEN(1,20),1)&MID("AEIOUY",RANDBETWEEN(1,6),1),"")) -> Tufote | D12: ="555-" & TEXT(RANDBETWEEN(1000, 9999), "0000") -> 555-4970 | E12: =LOWER(B12) & "." & LOWER(C12) & "@example.com" -> gynena.tufote@example.com | F12: 123456
A13: =RANDBETWEEN(1000000000000, 9999999999999) -> 3162516245402 | B13: =PROPER(MID("BCDFGHJKLMNPQRSTVWXZ",RANDBETWEEN(1,20),1)&MID("AEIOUY",RANDBETWEEN(1,6),1)&IF(RAND()<0.8,MID("BCDFGHJKLMNPQRSTVWXZ",RANDBETWEEN(1,20),1)&MID("AEIOUY",RANDBETWEEN(1,6),1),"")&IF(RAND()<0.8,MID("BCDFGHJKLMNPQRSTVWXZ",RANDBETWEEN(1,20),1)&MID("AEIOUY",RANDBETWEEN(1,6),1),"")) -> Cedihe | C13: =PROPER(MID("BCDFGHJKLMNPQRSTVWXZ",RANDBETWEEN(1,20),1)&MID("AEIOUY",RANDBETWEEN(1,6),1)&IF(RAND()<0.8,MID("BCDFGHJKLMNPQRSTVWXZ",RANDBETWEEN(1,20),1)&MID("AEIOUY",RANDBETWEEN(1,6),1),"")&IF(RAND()<0.8,MID("BCDFGHJKLMNPQRSTVWXZ",RANDBETWEEN(1,20),1)&MID("AEIOUY",RANDBETWEEN(1,6),1),"")) -> Buri | D13: ="555-" & TEXT(RANDBETWEEN(1000, 9999), "0000") -> 555-3084 | E13: =LOWER(B13) & "." & LOWER(C13) & "@example.com" -> cedihe.buri@example.com | F13: 123456
... A197: =RANDBETWEEN(1000000000000, 9999999999999) -> 9840301855312 | B197: =PROPER(MID("BCDFGHJKLMNPQRSTVWXZ",RANDBETWEEN(1,20),1)&MID("AEIOUY",RANDBETWEEN(1,6),1)&IF(RAND()<0.8,MID("BCDFGHJKLMNPQRSTVWXZ",RANDBETWEEN(1,20),1)&MID("AEIOUY",RANDBETWEEN(1,6),1),"")&IF(RAND()<0.8,MID("BCDFGHJKLMNPQRSTVWXZ",RANDBETWEEN(1,20),1)&MID("AEIOUY",RANDBETWEEN(1,6),1),"")) -> Cofapy | C197: =PROPER(MID("BCDFGHJKLMNPQRSTVWXZ",RANDBETWEEN(1,20),1)&MID("AEIOUY",RANDBETWEEN(1,6),1)&IF(RAND()<0.8,MID("BCDFGHJKLMNPQRSTVWXZ",RANDBETWEEN(1,20),1)&MID("AEIOUY",RANDBETWEEN(1,6),1),"")&IF(RAND()<0.8,MID("BCDFGHJKLMNPQRSTVWXZ",RANDBETWEEN(1,20),1)&MID("AEIOUY",RANDBETWEEN(1,6),1),"")) -> Lyxy | D197: ="555-" & TEXT(RANDBETWEEN(1000, 9999), "0000") -> 555-9455 | E197: =LOWER(B197) & "." & LOWER(C197) & "@example.com" -> cofapy.lyxy@example.com | F197: 123456

Sheet Doctors
A1: citizen_id | B1: first_name | C1: last_name | D1: specialty | E1: phone | F1: email | G1: user_name | H1: password | I1: role
A2: =RANDBETWEEN(1000000000000, 9999999999999) -> 3831423966020 | B2: =PROPER(MID("BCDFGHJKLMNPQRSTVWXZ",RANDBETWEEN(1,20),1)&MID("AEIOUY",RANDBETWEEN(1,6),1)&IF(RAND()<0.8,MID("BCDFGHJKLMNPQRSTVWXZ",RANDBETWEEN(1,20),1)&MID("AEIOUY",RANDBETWEEN(1,6),1),"")&IF(RAND()<0.8,MID("BCDFGHJKLMNPQRSTVWXZ",RANDBETWEEN(1,20),1)&MID("AEIOUY",RANDBETWEEN(1,6),1),"")) -> Cotiza | C2: =PROPER(MID("BCDFGHJKLMNPQRSTVWXZ",RANDBETWEEN(1,20),1)&MID("AEIOUY",RANDBETWEEN(1,6),1)&IF(RAND()<0.8,MID("BCDFGHJKLMNPQRSTVWXZ",RANDBETWEEN(1,20),1)&MID("AEIOUY",RANDBETWEEN(1,6),1),"")&IF(RAND()<0.8,MID("BCDFGHJKLMNPQRSTVWXZ",RANDBETWEEN(1,20),1)&MID("AEIOUY",RANDBETWEEN(1,6),1),"")) -> Poki | D2: =CHOOSE(RANDBETWEEN(1, 5), "Cardiology", "Dermatology", "Neurology", "Pediatrics", "Oncology") -> Neurology | E2: ="555-" & TEXT(RANDBETWEEN(1000, 9999), "0000") -> 555-4425 | F2: =LOWER(B2) & "." & LOWER(C2) & "@example.com" -> cotiza.poki@example.com | G2: user1 | H2: 123456 | I2: doctor
A3: =RANDBETWEEN(1000000000000, 9999999999999) -> 5628372960188 | B3: =PROPER(MID("BCDFGHJKLMNPQRSTVWXZ",RANDBETWEEN(1,20),1)&MID("AEIOUY",RANDBETWEEN(1,6),1)&IF(RAND()<0.8,MID("BCDFGHJKLMNPQRSTVWXZ",RANDBETWEEN(1,20),1)&MID("AEIOUY",RANDBETWEEN(1,6),1),"")&IF(RAND()<0.8,MID("BCDFGHJKLMNPQRSTVWXZ",RANDBETWEEN(1,20),1)&MID("AEIOUY",RANDBETWEEN(1,6),1),"")) -> Tafupy | C3: =PROPER(MID("BCDFGHJKLMNPQRSTVWXZ",RANDBETWEEN(1,20),1)&MID("AEIOUY",RANDBETWEEN(1,6),1)&IF(RAND()<0.8,MID("BCDFGHJKLMNPQRSTVWXZ",RANDBETWEEN(1,20),1)&MID("AEIOUY",RANDBETWEEN(1,6),1),"")&IF(RAND()<0.8,MID("BCDFGHJKLMNPQRSTVWXZ",RANDBETWEEN(1,20),1)&MID("AEIOUY",RANDBETWEEN(1,6),1),"")) -> Wowibo | D3: =CHOOSE(RANDBETWEEN(1, 5), "Cardiology", "Dermatology", "Neurology", "Pediatrics", "Oncology") -> Pediatrics | E3: ="555-" & TEXT(RANDBETWEEN(1000, 9999), "0000") -> 555-2313 | F3: =LOWER(B3) & "." & LOWER(C3) & "@example.com" -> tafupy.wowibo@example.com | G3: user2 | H3: 123456 | I3: doctor
A4: =RANDBETWEEN(1000000000000, 9999999999999) -> 3517410817329 | B4: =PROPER(MID("BCDFGHJKLMNPQRSTVWXZ",RANDBETWEEN(1,20),1)&MID("AEIOUY",RANDBETWEEN(1,6),1)&IF(RAND()<0.8,MID("BCDFGHJKLMNPQRSTVWXZ",RANDBETWEEN(1,20),1)&MID("AEIOUY",RANDBETWEEN(1,6),1),"")&IF(RAND()<0.8,MID("BCDFGHJKLMNPQRSTVWXZ",RANDBETWEEN(1,20),1)&MID("AEIOUY",RANDBETWEEN(1,6),1),"")) -> Kijiqo | C4: =PROPER(MID("BCDFGHJKLMNPQRSTVWXZ",RANDBETWEEN(1,20),1)&MID("AEIOUY",RANDBETWEEN(1,6),1)&IF(RAND()<0.8,MID("BCDFGHJKLMNPQRSTVWXZ",RANDBETWEEN(1,20),1)&MID("AEIOUY",RANDBETWEEN(1,6),1),"")&IF(RAND()<0.8,MID("BCDFGHJKLMNPQRSTVWXZ",RANDBETWEEN(1,20),1)&MID("AEIOUY",RANDBETWEEN(1,6),1),"")) -> Ripyno | D4: =CHOOSE(RANDBETWEEN(1, 5), "Cardiology", "Dermatology", "Neurology", "Pediatrics", "Oncology") -> Dermatology | E4: ="555-" & TEXT(RANDBETWEEN(1000, 9999), "0000") -> 555-1364 | F4: =LOWER(B4) & "." & LOWER(C4) & "@example.com" -> kijiqo.ripyno@example.com | G4: user3 | H4: 123456 | I4: doctor
A5: =RANDBETWEEN(1000000000000, 9999999999999) -> 2682990886334 | B5: =PROPER(MID("BCDFGHJKLMNPQRSTVWXZ",RANDBETWEEN(1,20),1)&MID("AEIOUY",RANDBETWEEN(1,6),1)&IF(RAND()<0.8,MID("BCDFGHJKLMNPQRSTVWXZ",RANDBETWEEN(1,20),1)&MID("AEIOUY",RANDBETWEEN(1,6),1),"")&IF(RAND()<0.8,MID("BCDFGHJKLMNPQRSTVWXZ",RANDBETWEEN(1,20),1)&MID("AEIOUY",RANDBETWEEN(1,6),1),"")) -> Buwiko | C5: =PROPER(MID("BCDFGHJKLMNPQRSTVWXZ",RANDBETWEEN(1,20),1)&MID("AEIOUY",RANDBETWEEN(1,6),1)&IF(RAND()<0.8,MID("BCDFGHJKLMNPQRSTVWXZ",RANDBETWEEN(1,20),1)&MID("AEIOUY",RANDBETWEEN(1,6),1),"")&IF(RAND()<0.8,MID("BCDFGHJKLMNPQRSTVWXZ",RANDBETWEEN(1,20),1)&MID("AEIOUY",RANDBETWEEN(1,6),1),"")) -> Qyqore | D5: =CHOOSE(RANDBETWEEN(1, 5), "Cardiology", "Dermatology", "Neurology", "Pediatrics", "Oncology") -> Oncology | E5: ="555-" & TEXT(RANDBETWEEN(1000, 9999), "0000") -> 555-7135 | F5: =LOWER(B5) & "." & LOWER(C5) & "@example.com" -> buwiko.qyqore@example.com | G5: user4 | H5: 123456 | I5: doctor
A6: =RANDBETWEEN(1000000000000, 9999999999999) -> 4805531338996 | B6: =PROPER(MID("BCDFGHJKLMNPQRSTVWXZ",RANDBETWEEN(1,20),1)&MID("AEIOUY",RANDBETWEEN(1,6),1)&IF(RAND()<0.8,MID("BCDFGHJKLMNPQRSTVWXZ",RANDBETWEEN(1,20),1)&MID("AEIOUY",RANDBETWEEN(1,6),1),"")&IF(RAND()<0.8,MID("BCDFGHJKLMNPQRSTVWXZ",RANDBETWEEN(1,20),1)&MID("AEIOUY",RANDBETWEEN(1,6),1),"")) -> Jomany | C6: =PROPER(MID("BCDFGHJKLMNPQRSTVWXZ",RANDBETWEEN(1,20),1)&MID("AEIOUY",RANDBETWEEN(1,6),1)&IF(RAND()<0.8,MID("BCDFGHJKLMNPQRSTVWXZ",RANDBETWEEN(1,20),1)&MID("AEIOUY",RANDBETWEEN(1,6),1),"")&IF(RAND()<0.8,MID("BCDFGHJKLMNPQRSTVWXZ",RANDBETWEEN(1,20),1)&MID("AEIOUY",RANDBETWEEN(1,6),1),"")) -> Kacowu | D6: =CHOOSE(RANDBETWEEN(1, 5), "Cardiology", "Dermatology", "Neurology", "Pediatrics", "Oncology") -> Pediatrics | E6: ="555-" & TEXT(RANDBETWEEN(1000, 9999), "0000") -> 555-5122 | F6: =LOWER(B6) & "." & LOWER(C6) & "@example.com" -> jomany.kacowu@example.com | G6: user5 | H6: 123456 | I6: doctor
A7: =RANDBETWEEN(1000000000000, 9999999999999) -> 2894412535155 | B7: =PROPER(MID("BCDFGHJKLMNPQRSTVWXZ",RANDBETWEEN(1,20),1)&MID("AEIOUY",RANDBETWEEN(1,6),1)&IF(RAND()<0.8,MID("BCDFGHJKLMNPQRSTVWXZ",RANDBETWEEN(1,20),1)&MID("AEIOUY",RANDBETWEEN(1,6),1),"")&IF(RAND()<0.8,MID("BCDFGHJKLMNPQRSTVWXZ",RANDBETWEEN(1,20),1)&MID("AEIOUY",RANDBETWEEN(1,6),1),"")) -> Rekile | C7: =PROPER(MID("BCDFGHJKLMNPQRSTVWXZ",RANDBETWEEN(1,20),1)&MID("AEIOUY",RANDBETWEEN(1,6),1)&IF(RAND()<0.8,MID("BCDFGHJKLMNPQRSTVWXZ",RANDBETWEEN(1,20),1)&MID("AEIOUY",RANDBETWEEN(1,6),1),"")&IF(RAND()<0.8,MID("BCDFGHJKLMNPQRSTVWXZ",RANDBETWEEN(1,20),1)&MID("AEIOUY",RANDBETWEEN(1,6),1),"")) -> Mozo | D7: =CHOOSE(RANDBETWEEN(1, 5), "Cardiology", "Dermatology", "Neurology", "Pediatrics", "Oncology") -> Neurology | E7: ="555-" & TEXT(RANDBETWEEN(1000, 9999), "0000") -> 555-4645 | F7: =LOWER(B7) & "." & LOWER(C7) & "@example.com" -> rekile.mozo@example.com | G7: user6 | H7: 123456 | I7: doctor
A8: =RANDBETWEEN(1000000000000, 9999999999999) -> 5166821926628 | B8: =PROPER(MID("BCDFGHJKLMNPQRSTVWXZ",RANDBETWEEN(1,20),1)&MID("AEIOUY",RANDBETWEEN(1,6),1)&IF(RAND()<0.8,MID("BCDFGHJKLMNPQRSTVWXZ",RANDBETWEEN(1,20),1)&MID("AEIOUY",RANDBETWEEN(1,6),1),"")&IF(RAND()<0.8,MID("BCDFGHJKLMNPQRSTVWXZ",RANDBETWEEN(1,20),1)&MID("AEIOUY",RANDBETWEEN(1,6),1),"")) -> Dysipy | C8: =PROPER(MID("BCDFGHJKLMNPQRSTVWXZ",RANDBETWEEN(1,20),1)&MID("AEIOUY",RANDBETWEEN(1,6),1)&IF(RAND()<0.8,MID("BCDFGHJKLMNPQRSTVWXZ",RANDBETWEEN(1,20),1)&MID("AEIOUY",RANDBETWEEN(1,6),1),"")&IF(RAND()<0.8,MID("BCDFGHJKLMNPQRSTVWXZ",RANDBETWEEN(1,20),1)&MID("AEIOUY",RANDBETWEEN(1,6),1),"")) -> Gajefo | D8: =CHOOSE(RANDBETWEEN(1, 5), "Cardiology", "Dermatology", "Neurology", "Pediatrics", "Oncology") -> Cardiology | E8: ="555-" & TEXT(RANDBETWEEN(1000, 9999), "0000") -> 555-9640 | F8: =LOWER(B8) & "." & LOWER(C8) & "@example.com" -> dysipy.gajefo@example.com | G8: user7 | H8: 123456 | I8: doctor
A9: =RANDBETWEEN(1000000000000, 9999999999999) -> 9884532377765 | B9: =PROPER(MID("BCDFGHJKLMNPQRSTVWXZ",RANDBETWEEN(1,20),1)&MID("AEIOUY",RANDBETWEEN(1,6),1)&IF(RAND()<0.8,MID("BCDFGHJKLMNPQRSTVWXZ",RANDBETWEEN(1,20),1)&MID("AEIOUY",RANDBETWEEN(1,6),1),"")&IF(RAND()<0.8,MID("BCDFGHJKLMNPQRSTVWXZ",RANDBETWEEN(1,20),1)&MID("AEIOUY",RANDBETWEEN(1,6),1),"")) -> Qikuse | C9: =PROPER(MID("BCDFGHJKLMNPQRSTVWXZ",RANDBETWEEN(1,20),1)&MID("AEIOUY",RANDBETWEEN(1,6),1)&IF(RAND()<0.8,MID("BCDFGHJKLMNPQRSTVWXZ",RANDBETWEEN(1,20),1)&MID("AEIOUY",RANDBETWEEN(1,6),1),"")&IF(RAND()<0.8,MID("BCDFGHJKLMNPQRSTVWXZ",RANDBETWEEN(1,20),1)&MID("AEIOUY",RANDBETWEEN(1,6),1),"")) -> Xoviny | D9: =CHOOSE(RANDBETWEEN(1, 5), "Cardiology", "Dermatology", "Neurology", "Pediatrics", "Oncology") -> Dermatology | E9: ="555-" & TEXT(RANDBETWEEN(1000, 9999), "0000") -> 555-7055 | F9: =LOWER(B9) & "." & LOWER(C9) & "@example.com" -> qikuse.xoviny@example.com | G9: user8 | H9: 123456 | I9: doctor
A10: =RANDBETWEEN(1000000000000, 9999999999999) -> 7300464949935 | B10: =PROPER(MID("BCDFGHJKLMNPQRSTVWXZ",RANDBETWEEN(1,20),1)&MID("AEIOUY",RANDBETWEEN(1,6),1)&IF(RAND()<0.8,MID("BCDFGHJKLMNPQRSTVWXZ",RANDBETWEEN(1,20),1)&MID("AEIOUY",RANDBETWEEN(1,6),1),"")&IF(RAND()<0.8,MID("BCDFGHJKLMNPQRSTVWXZ",RANDBETWEEN(1,20),1)&MID("AEIOUY",RANDBETWEEN(1,6),1),"")) -> Magupi | C10: =PROPER(MID("BCDFGHJKLMNPQRSTVWXZ",RANDBETWEEN(1,20),1)&MID("AEIOUY",RANDBETWEEN(1,6),1)&IF(RAND()<0.8,MID("BCDFGHJKLMNPQRSTVWXZ",RANDBETWEEN(1,20),1)&MID("AEIOUY",RANDBETWEEN(1,6),1),"")&IF(RAND()<0.8,MID("BCDFGHJKLMNPQRSTVWXZ",RANDBETWEEN(1,20),1)&MID("AEIOUY",RANDBETWEEN(1,6),1),"")) -> Wubudo | D10: =CHOOSE(RANDBETWEEN(1, 5), "Cardiology", "Dermatology", "Neurology", "Pediatrics", "Oncology") -> Dermatology | E10: ="555-" & TEXT(RANDBETWEEN(1000, 9999), "0000") -> 555-5825 | F10: =LOWER(B10) & "." & LOWER(C10) & "@example.com" -> magupi.wubudo@example.com | G10: user9 | H10: 123456 | I10: doctor
A11: =RANDBETWEEN(1000000000000, 9999999999999) -> 5208553766197 | B11: =PROPER(MID("BCDFGHJKLMNPQRSTVWXZ",RANDBETWEEN(1,20),1)&MID("AEIOUY",RANDBETWEEN(1,6),1)&IF(RAND()<0.8,MID("BCDFGHJKLMNPQRSTVWXZ",RANDBETWEEN(1,20),1)&MID("AEIOUY",RANDBETWEEN(1,6),1),"")&IF(RAND()<0.8,MID("BCDFGHJKLMNPQRSTVWXZ",RANDBETWEEN(1,20),1)&MID("AEIOUY",RANDBETWEEN(1,6),1),"")) -> Pacody | C11: =PROPER(MID("BCDFGHJKLMNPQRSTVWXZ",RANDBETWEEN(1,20),1)&MID("AEIOUY",RANDBETWEEN(1,6),1)&IF(RAND()<0.8,MID("BCDFGHJKLMNPQRSTVWXZ",RANDBETWEEN(1,20),1)&MID("AEIOUY",RANDBETWEEN(1,6),1),"")&IF(RAND()<0.8,MID("BCDFGHJKLMNPQRSTVWXZ",RANDBETWEEN(1,20),1)&MID("AEIOUY",RANDBETWEEN(1,6),1),"")) -> Guqi | D11: =CHOOSE(RANDBETWEEN(1, 5), "Cardiology", "Dermatology", "Neurology", "Pediatrics", "Oncology") -> Neurology | E11: ="555-" & TEXT(RANDBETWEEN(1000, 9999), "0000") -> 555-9709 | F11: =LOWER(B11) & "." & LOWER(C11) & "@example.com" -> pacody.guqi@example.com | G11: user10 | H11: 123456 | I11: doctor
A12: =RANDBETWEEN(1000000000000, 9999999999999) -> 8853662685351 | B12: =PROPER(MID("BCDFGHJKLMNPQRSTVWXZ",RANDBETWEEN(1,20),1)&MID("AEIOUY",RANDBETWEEN(1,6),1)&IF(RAND()<0.8,MID("BCDFGHJKLMNPQRSTVWXZ",RANDBETWEEN(1,20),1)&MID("AEIOUY",RANDBETWEEN(1,6),1),"")&IF(RAND()<0.8,MID("BCDFGHJKLMNPQRSTVWXZ",RANDBETWEEN(1,20),1)&MID("AEIOUY",RANDBETWEEN(1,6),1),"")) -> Cuxeka | C12: =PROPER(MID("BCDFGHJKLMNPQRSTVWXZ",RANDBETWEEN(1,20),1)&MID("AEIOUY",RANDBETWEEN(1,6),1)&IF(RAND()<0.8,MID("BCDFGHJKLMNPQRSTVWXZ",RANDBETWEEN(1,20),1)&MID("AEIOUY",RANDBETWEEN(1,6),1),"")&IF(RAND()<0.8,MID("BCDFGHJKLMNPQRSTVWXZ",RANDBETWEEN(1,20),1)&MID("AEIOUY",RANDBETWEEN(1,6),1),"")) -> Ka | D12: =CHOOSE(RANDBETWEEN(1, 5), "Cardiology", "Dermatology", "Neurology", "Pediatrics", "Oncology") -> Oncology | E12: ="555-" & TEXT(RANDBETWEEN(1000, 9999), "0000") -> 555-9316 | F12: =LOWER(B12) & "." & LOWER(C12) & "@example.com" -> cuxeka.ka@example.com | G12: user11 | H12: 123456 | I12: doctor
A13: =RANDBETWEEN(1000000000000, 9999999999999) -> 5258337167675 | B13: =PROPER(MID("BCDFGHJKLMNPQRSTVWXZ",RANDBETWEEN(1,20),1)&MID("AEIOUY",RANDBETWEEN(1,6),1)&IF(RAND()<0.8,MID("BCDFGHJKLMNPQRSTVWXZ",RANDBETWEEN(1,20),1)&MID("AEIOUY",RANDBETWEEN(1,6),1),"")&IF(RAND()<0.8,MID("BCDFGHJKLMNPQRSTVWXZ",RANDBETWEEN(1,20),1)&MID("AEIOUY",RANDBETWEEN(1,6),1),"")) -> Xi | C13: =PROPER(MID("BCDFGHJKLMNPQRSTVWXZ",RANDBETWEEN(1,20),1)&MID("AEIOUY",RANDBETWEEN(1,6),1)&IF(RAND()<0.8,MID("BCDFGHJKLMNPQRSTVWXZ",RANDBETWEEN(1,20),1)&MID("AEIOUY",RANDBETWEEN(1,6),1),"")&IF(RAND()<0.8,MID("BCDFGHJKLMNPQRSTVWXZ",RANDBETWEEN(1,20),1)&MID("AEIOUY",RANDBETWEEN(1,6),1),"")) -> Ruwy | D13: =CHOOSE(RANDBETWEEN(1, 5), "Cardiology", "Dermatology", "Neurology", "Pediatrics", "Oncology") -> Neurology | E13: ="555-" & TEXT(RANDBETWEEN(1000, 9999), "0000") -> 555-1681 | F13: =LOWER(B13) & "." & LOWER(C13) & "@example.com" -> xi.ruwy@example.com | G13: user12 | H13: 123456 | I13: doctor
... A89: =RANDBETWEEN(1000000000000, 9999999999999) -> 3678173251859 | B89: =PROPER(MID("BCDFGHJKLMNPQRSTVWXZ",RANDBETWEEN(1,20),1)&MID("AEIOUY",RANDBETWEEN(1,6),1)&IF(RAND()<0.8,MID("BCDFGHJKLMNPQRSTVWXZ",RANDBETWEEN(1,20),1)&MID("AEIOUY",RANDBETWEEN(1,6),1),"")&IF(RAND()<0.8,MID("BCDFGHJKLMNPQRSTVWXZ",RANDBETWEEN(1,20),1)&MID("AEIOUY",RANDBETWEEN(1,6),1),"")) -> Ficaxu | C89: =PROPER(MID("BCDFGHJKLMNPQRSTVWXZ",RANDBETWEEN(1,20),1)&MID("AEIOUY",RANDBETWEEN(1,6),1)&IF(RAND()<0.8,MID("BCDFGHJKLMNPQRSTVWXZ",RANDBETWEEN(1,20),1)&MID("AEIOUY",RANDBETWEEN(1,6),1),"")&IF(RAND()<0.8,MID("BCDFGHJKLMNPQRSTVWXZ",RANDBETWEEN(1,20),1)&MID("AEIOUY",RANDBETWEEN(1,6),1),"")) -> Buxe | D89: =CHOOSE(RANDBETWEEN(1, 5), "Cardiology", "Dermatology", "Neurology", "Pediatrics", "Oncology") -> Pediatrics | E89: ="555-" & TEXT(RANDBETWEEN(1000, 9999), "0000") -> 555-6909 | F89: =LOWER(B89) & "." & LOWER(C89) & "@example.com" -> ficaxu.buxe@example.com | G89: user88 | H89: 123456 | I89: doctor
A90: =RANDBETWEEN(1000000000000, 9999999999999) -> 2980864768157 | B90: Supakorn | C90: =PROPER(MID("BCDFGHJKLMNPQRSTVWXZ",RANDBETWEEN(1,20),1)&MID("AEIOUY",RANDBETWEEN(1,6),1)&IF(RAND()<0.8,MID("BCDFGHJKLMNPQRSTVWXZ",RANDBETWEEN(1,20),1)&MID("AEIOUY",RANDBETWEEN(1,6),1),"")&IF(RAND()<0.8,MID("BCDFGHJKLMNPQRSTVWXZ",RANDBETWEEN(1,20),1)&MID("AEIOUY",RANDBETWEEN(1,6),1),"")) -> Potu | D90: =CHOOSE(RANDBETWEEN(1, 5), "Cardiology", "Dermatology", "Neurology", "Pediatrics", "Oncology") -> Dermatology | E90: ="555-" & TEXT(RANDBETWEEN(1000, 9999), "0000") -> 555-4422 | F90: =LOWER(B90) & "." & LOWER(C90) & "@example.com" -> supakorn.potu@example.com | G90: admin1 | H90: 123456 | I90: admin

Sheet Services
A1: service_name | B1: price | C1: duration
A2: General Consultation | B2: 50 | C2: 60
A3: Blood Test | B3: 30 | C3: 40
A4: X-Ray | B4: 100 | C4: 30
A5: Vaccination | B5: 20 | C5: 30
A6: Ultrasound | B6: 150 | C6: 30

Sheet Appointments
A1: appointment_date | B1: start_time | C1: status | D1: patient_id | E1: doctor_id | F1: remark
A2: =TEXT(TODAY() + RANDBETWEEN(1, 14), "yyyy-mm-dd") -> 2026-03-05 | B2: =TEXT(TIME(9,0,0) + RAND() * TIME(8,0,0),"HH:mm") -> 10:35 | C2: =CHOOSE(RANDBETWEEN(1, 4), "pending", "confirmed", "cancelled", "completed") -> pending | D2: =RANDBETWEEN(1, 100) -> 46 | E2: =RANDBETWEEN(1, 50) -> 25
A3: =TEXT(TODAY() + RANDBETWEEN(1, 14), "yyyy-mm-dd") -> 2026-03-15 | B3: =TEXT(TIME(9,0,0) + RAND() * TIME(8,0,0),"HH:mm") -> 09:41 | C3: =CHOOSE(RANDBETWEEN(1, 4), "pending", "confirmed", "cancelled", "completed") -> confirmed | D3: =RANDBETWEEN(1, 100) -> 32 | E3: =RANDBETWEEN(1, 50) -> 7
A4: =TEXT(TODAY() + RANDBETWEEN(1, 14), "yyyy-mm-dd") -> 2026-03-13 | B4: =TEXT(TIME(9,0,0) + RAND() * TIME(8,0,0),"HH:mm") -> 14:02 | C4: =CHOOSE(RANDBETWEEN(1, 4), "pending", "confirmed", "cancelled", "completed") -> confirmed | D4: =RANDBETWEEN(1, 100) -> 74 | E4: =RANDBETWEEN(1, 50) -> 4
A5: =TEXT(TODAY() + RANDBETWEEN(1, 14), "yyyy-mm-dd") -> 2026-03-05 | B5: =TEXT(TIME(9,0,0) + RAND() * TIME(8,0,0),"HH:mm") -> 12:13 | C5: =CHOOSE(RANDBETWEEN(1, 4), "pending", "confirmed", "cancelled", "completed") -> pending | D5: =RANDBETWEEN(1, 100) -> 7 | E5: =RANDBETWEEN(1, 50) -> 35
A6: =TEXT(TODAY() + RANDBETWEEN(1, 14), "yyyy-mm-dd") -> 2026-03-13 | B6: =TEXT(TIME(9,0,0) + RAND() * TIME(8,0,0),"HH:mm") -> 13:01 | C6: =CHOOSE(RANDBETWEEN(1, 4), "pending", "confirmed", "cancelled", "completed") -> pending | D6: =RANDBETWEEN(1, 100) -> 77 | E6: =RANDBETWEEN(1, 50) -> 50
A7: =TEXT(TODAY() + RANDBETWEEN(1, 14), "yyyy-mm-dd") -> 2026-03-11 | B7: =TEXT(TIME(9,0,0) + RAND() * TIME(8,0,0),"HH:mm") -> 11:26 | C7: =CHOOSE(RANDBETWEEN(1, 4), "pending", "confirmed", "cancelled", "completed") -> pending | D7: =RANDBETWEEN(1, 100) -> 3 | E7: =RANDBETWEEN(1, 50) -> 30
A8: =TEXT(TODAY() + RANDBETWEEN(1, 14), "yyyy-mm-dd") -> 2026-03-08 | B8: =TEXT(TIME(9,0,0) + RAND() * TIME(8,0,0),"HH:mm") -> 15:37 | C8: =CHOOSE(RANDBETWEEN(1, 4), "pending", "confirmed", "cancelled", "completed") -> completed | D8: =RANDBETWEEN(1, 100) -> 48 | E8: =RANDBETWEEN(1, 50) -> 7
A9: =TEXT(TODAY() + RANDBETWEEN(1, 14), "yyyy-mm-dd") -> 2026-03-12 | B9: =TEXT(TIME(9,0,0) + RAND() * TIME(8,0,0),"HH:mm") -> 16:03 | C9: =CHOOSE(RANDBETWEEN(1, 4), "pending", "confirmed", "cancelled", "completed") -> pending | D9: =RANDBETWEEN(1, 100) -> 48 | E9: =RANDBETWEEN(1, 50) -> 50
A10: =TEXT(TODAY() + RANDBETWEEN(1, 14), "yyyy-mm-dd") -> 2026-03-03 | B10: =TEXT(TIME(9,0,0) + RAND() * TIME(8,0,0),"HH:mm") -> 10:18 | C10: =CHOOSE(RANDBETWEEN(1, 4), "pending", "confirmed", "cancelled", "completed") -> pending | D10: =RANDBETWEEN(1, 100) -> 40 | E10: =RANDBETWEEN(1, 50) -> 17
A11: =TEXT(TODAY() + RANDBETWEEN(1, 14), "yyyy-mm-dd") -> 2026-03-14 | B11: =TEXT(TIME(9,0,0) + RAND() * TIME(8,0,0),"HH:mm") -> 11:41 | C11: =CHOOSE(RANDBETWEEN(1, 4), "pending", "confirmed", "cancelled", "completed") -> cancelled | D11: =RANDBETWEEN(1, 100) -> 7 | E11: =RANDBETWEEN(1, 50) -> 4
A12: =TEXT(TODAY() + RANDBETWEEN(1, 14), "yyyy-mm-dd") -> 2026-03-11 | B12: =TEXT(TIME(9,0,0) + RAND() * TIME(8,0,0),"HH:mm") -> 13:49 | C12: =CHOOSE(RANDBETWEEN(1, 4), "pending", "confirmed", "cancelled", "completed") -> completed | D12: =RANDBETWEEN(1, 100) -> 5 | E12: =RANDBETWEEN(1, 50) -> 34
A13: =TEXT(TODAY() + RANDBETWEEN(1, 14), "yyyy-mm-dd") -> 2026-03-13 | B13: =TEXT(TIME(9,0,0) + RAND() * TIME(8,0,0),"HH:mm") -> 13:07 | C13: =CHOOSE(RANDBETWEEN(1, 4), "pending", "confirmed", "cancelled", "completed") -> confirmed | D13: =RANDBETWEEN(1, 100) -> 70 | E13: =RANDBETWEEN(1, 50) -> 15
... A51: =TEXT(TODAY() + RANDBETWEEN(1, 14), "yyyy-mm-dd") -> 2026-03-07 | B51: =TEXT(TIME(9,0,0) + RAND() * TIME(8,0,0),"HH:mm") -> 15:11 | C51: =CHOOSE(RANDBETWEEN(1, 4), "pending", "confirmed", "cancelled", "completed") -> cancelled | D51: =RANDBETWEEN(1, 100) -> 6 | E51: =RANDBETWEEN(1, 50) -> 33

Sheet AppointmentServices
A1: appointment_id | B1: service_id | C1: price | D1: duration
A2: 1 | B2: =RANDBETWEEN(1, 5) -> 5 | C2: {=INDEX(Services!$B$2:$B$6, B2)} -> 150 | D2: {=INDEX(Services!$C$2:$C$6, B2)} -> 30
A3: 2 | B3: =RANDBETWEEN(1, 5) -> 4 | C3: {=INDEX(Services!$B$2:$B$6, B3)} -> 20 | D3: {=INDEX(Services!$C$2:$C$6, B3)} -> 30
A4: 3 | B4: =RANDBETWEEN(1, 5) -> 5 | C4: {=INDEX(Services!$B$2:$B$6, B4)} -> 150 | D4: {=INDEX(Services!$C$2:$C$6, B4)} -> 30
A5: 4 | B5: =RANDBETWEEN(1, 5) -> 3 | C5: {=INDEX(Services!$B$2:$B$6, B5)} -> 100 | D5: {=INDEX(Services!$C$2:$C$6, B5)} -> 30
A6: 5 | B6: =RANDBETWEEN(1, 5) -> 1 | C6: {=INDEX(Services!$B$2:$B$6, B6)} -> 50 | D6: {=INDEX(Services!$C$2:$C$6, B6)} -> 60
A7: 6 | B7: =RANDBETWEEN(1, 5) -> 4 | C7: {=INDEX(Services!$B$2:$B$6, B7)} -> 20 | D7: {=INDEX(Services!$C$2:$C$6, B7)} -> 30
A8: 7 | B8: =RANDBETWEEN(1, 5) -> 4 | C8: {=INDEX(Services!$B$2:$B$6, B8)} -> 20 | D8: {=INDEX(Services!$C$2:$C$6, B8)} -> 30
A9: 8 | B9: =RANDBETWEEN(1, 5) -> 5 | C9: {=INDEX(Services!$B$2:$B$6, B9)} -> 150 | D9: {=INDEX(Services!$C$2:$C$6, B9)} -> 30
A10: 9 | B10: =RANDBETWEEN(1, 5) -> 1 | C10: {=INDEX(Services!$B$2:$B$6, B10)} -> 50 | D10: {=INDEX(Services!$C$2:$C$6, B10)} -> 60
A11: 10 | B11: =RANDBETWEEN(1, 5) -> 2 | C11: {=INDEX(Services!$B$2:$B$6, B11)} -> 30 | D11: {=INDEX(Services!$C$2:$C$6, B11)} -> 40
A12: 11 | B12: =RANDBETWEEN(1, 5) -> 3 | C12: {=INDEX(Services!$B$2:$B$6, B12)} -> 100 | D12: {=INDEX(Services!$C$2:$C$6, B12)} -> 30
A13: 12 | B13: =RANDBETWEEN(1, 5) -> 2 | C13: {=INDEX(Services!$B$2:$B$6, B13)} -> 30 | D13: {=INDEX(Services!$C$2:$C$6, B13)} -> 40
... A51: 50 | B51: =RANDBETWEEN(1, 5) -> 1 | C51: {=INDEX(Services!$B$2:$B$6, B51)} -> 50 | D51: {=INDEX(Services!$C$2:$C$6, B51)} -> 60
